{"cameraMode":{"drawMode":0,"name":"Shaded","section":"Shading Mode"},"sceneLighting":false,"audioPlay":false,"sceneViewState":{"m_AlwaysRefresh":false,"showFog":true,"showSkybox":false,"showFlares":true,"showImageEffects":true,"showParticleSystems":true,"showVisualEffectGraphs":true,"m_FxEnabled":true},"in2DMode":false,"pivot":{"x":-0.30241164565086367,"y":1.2660624980926514,"z":0.11467796564102173},"rotation":{"x":0.1643422245979309,"y":0.05780615285038948,"z":-0.00902436301112175,"w":0.9848573803901672},"size":0.34641024470329287,"orthographic":false}